<?xml version="1.0" encoding="UTF-8"?>
<beans xmlns="http://www.springframework.org/schema/beans"
	xmlns:xsi="http://www.w3.org/2001/XMLSchema-instance" xmlns:p="http://www.springframework.org/schema/p"
	xmlns:context="http://www.springframework.org/schema/context" xmlns:tx="http://www.springframework.org/schema/tx"
	xmlns:aop="http://www.springframework.org/schema/aop"
	xsi:schemaLocation="
        http://www.springframework.org/schema/beans
        http://www.springframework.org/schema/beans/spring-beans-4.0.xsd
        http://www.springframework.org/schema/context
        http://www.springframework.org/schema/context/spring-context-4.0.xsd
        http://www.springframework.org/schema/tx 
        http://www.springframework.org/schema/tx/spring-tx-4.2.xsd
        http://www.springframework.org/schema/aop    
        http://www.springframework.org/schema/aop/spring-aop-4.0.xsd">

	<!--邮件配置 -->
	<context:property-placeholder location="classpath:mail.properties"
		ignore-unresolvable="true" />

	<!--配置邮件接口 -->
	<bean id="javaMailSender" class="org.springframework.mail.javamail.JavaMailSenderImpl">
		<property name="host" value="${mail.smtp.host}" />
		<property name="username" value="${mail.smtp.username}" />
		<property name="password" value="${mail.smtp.password}" />
		<property name="defaultEncoding" value="${mail.smtp.defaultEncoding}" />
		<property name="javaMailProperties">
			<props>
				<prop key="mail.smtp.auth">${mail.smtp.auth}</prop>
				<prop key="mail.smtp.timeout">${mail.smtp.timeout}</prop>
			</props>
		</property>
	</bean>
</beans>