<?xml version="1.0" encoding="UTF-8"?>
<beans xmlns="http://www.springframework.org/schema/beans"
	xmlns:xsi="http://www.w3.org/2001/XMLSchema-instance" xmlns:p="http://www.springframework.org/schema/p"
	xmlns:context="http://www.springframework.org/schema/context" xmlns:tx="http://www.springframework.org/schema/tx"
	xmlns:aop="http://www.springframework.org/schema/aop"
	xsi:schemaLocation="
        http://www.springframework.org/schema/beans
        http://www.springframework.org/schema/beans/spring-beans-4.0.xsd
        http://www.springframework.org/schema/context
        http://www.springframework.org/schema/context/spring-context-4.0.xsd
        http://www.springframework.org/schema/tx 
        http://www.springframework.org/schema/tx/spring-tx-4.2.xsd
        http://www.springframework.org/schema/aop    
        http://www.springframework.org/schema/aop/spring-aop-4.0.xsd">
	<!-- 加载数据库属性文件，为配置数据源做准备 -->
	<context:property-placeholder location="classpath:db.properties"
		ignore-unresolvable="true" />
	<!-- bean采用注解式注入 -->
	<context:annotation-config></context:annotation-config>
	<!-- 配置数据源 使用dbcp -->
	<bean id="dataSource" class="org.apache.commons.dbcp.BasicDataSource"
		destroy-method="close">
		<property name="driverClassName" value="${jdbc.driverClassName}" />
		<property name="url" value="${jdbc.url}" />
		<property name="username" value="${jdbc.username}" />
		<property name="password" value="${jdbc.password}" />
		<property name="maxActive" value="10" />
		<property name="maxIdle" value="5" />
	</bean>
	<!-- =================================MyBatis的整合====================================== -->
	<!-- 配置mybatis的SqlSessionFactoryBean -->
	<bean id="sqlSessionFactory" class="org.mybatis.spring.SqlSessionFactoryBean">
		<!-- 指定mybatis 全局配置文件的位置 -->
		<property name="configLocation" value="classpath:mybatis/spring-mybatis.xml"></property>
		<property name="dataSource" ref="dataSource"></property>
	</bean>

	<!-- mapper配置: mapper批量处理，从mapper包中扫描mapper接口，自动创建代理对象并且在spring容器中注册 遵循规范：将mapper.java和mapper.xml映射文件名称保持一致，且在一个目录中自动扫描 
		出来的mapper的bean的id为mapper类名（首字母小写） -->
	<bean class="org.mybatis.spring.mapper.MapperScannerConfigurer">
		<property name="basePackage" value="com.snailclimb.dao"></property>
		<property name="sqlSessionFactoryBeanName" value="sqlSessionFactory"></property>
	</bean>


</beans>