<?xml version="1.0" encoding="UTF-8"?>
<beans xmlns="http://www.springframework.org/schema/beans"
	xmlns:context="http://www.springframework.org/schema/context"
	xmlns:xsi="http://www.w3.org/2001/XMLSchema-instance" xmlns:mvc="http://www.springframework.org/schema/mvc"
	xsi:schemaLocation="http://www.springframework.org/schema/mvc
		http://www.springframework.org/schema/mvc/spring-mvc-4.0.xsd
        http://www.springframework.org/schema/context 
        http://www.springframework.org/schema/context/spring-context-4.0.xsd
		http://www.springframework.org/schema/beans
		http://www.springframework.org/schema/beans/spring-beans-4.0.xsd">
	<!-- 配置扫描器：@Controller是@Component的一个子类。@service -->
	<context:component-scan base-package="com.snailclimb.controller"></context:component-scan>

	<!-- 配置注解器： -->
	<mvc:annotation-driven></mvc:annotation-driven>



	<!-- 配置springMVC的视图解析器 -->
	<bean
		class="org.springframework.web.servlet.view.InternalResourceViewResolver">
		<property name="viewClass"
			value="org.springframework.web.servlet.view.JstlView" />
		<property name="prefix" value="/WEB-INF/" />
		<property name="suffix" value=".jsp" />
	</bean>
	<!-- 开启shiro注解功能 -->
	<!-- <bean class="org.springframework.aop.framework.autoproxy.DefaultAdvisorAutoProxyCreator" 
		depends-on="lifecycleBeanPostProcessor"> <property name="proxyTargetClass" 
		value="true" /> </bean> <bean class="org.apache.shiro.spring.security.interceptor.AuthorizationAttributeSourceAdvisor"> 
		<property name="securityManager" ref="securityManager" /> </bean> -->
	<!-- 全局异常配置 -->
	<!-- <bean class="com.chen.PLoveLibrary.exception.HandleException"></bean> -->
	<!-- 文件上传 -->
	<bean id="multipartResolver"
		class="org.springframework.web.multipart.commons.CommonsMultipartResolver">
		<!-- 上传文件大小上限，单位为字节（10MB） -->
		<property name="maxUploadSize">
			<value>10485760</value>
		</property>
		<!-- 请求的编码格式，必须和jSP的pageEncoding属性一致，以便正确读取表单的内容，默认为ISO-8859-1 -->
		<property name="defaultEncoding">
			<value>UTF-8</value>
		</property>
	</bean>
	<!-- 配置校验器 ，使用的是hibernate框架的validate，但与hibernate无关 -->
	<bean id="validator"
		class="org.springframework.validation.beanvalidation.LocalValidatorFactoryBean">
		<!-- 校验器，使用hibernate校验器 -->
		<property name="providerClass" value="org.hibernate.validator.HibernateValidator" />
		<!-- 指定校验使用的资源文件，在文件中配置校验错误信息，如果不指定则默认使用classpath下面的ValidationMessages.properties文件 -->
		<property name="validationMessageSource" ref="messageSource" />
	</bean>
	<!-- 校验错误信息配置文件 -->
	<bean id="messageSource"
		class="org.springframework.context.support.ReloadableResourceBundleMessageSource">
		<!-- 资源文件名 -->
		<property name="basenames">
			<list>
				<value>classpath:validateMessage</value>
			</list>
		</property>
		<!-- 资源文件编码格式 -->
		<property name="fileEncodings" value="utf-8" />
		<!-- 对资源文件内容缓存时间，单位秒 -->
		<property name="cacheSeconds" value="120" />
	</bean>

</beans>